target,regulator,effect
1,101,5.975970414
7,102,2.914765707
8,103,2.093338286
9,104,3.801967834
13,105,4.692012001
37,106,3.745049264
40,107,4.463772464
54,108,0.458520409
57,109,1.938096774
82,110,1.271455875
111,101,3.462299162
112,102,3.404322797
113,103,4.104441525
114,104,4.397512147
115,105,4.893912484
116,106,2.109641591
117,107,3.883400836
118,108,3.436136333
119,109,1.547249286
120,110,3.588706203
